crop,iso,irrtype,harvested.area
cassava,ago,rfc_plus_irc,883620
cassava,arg,rfc_plus_irc,18089
cassava,atg,rfc_plus_irc,18.2
cassava,bdi,rfc_plus_irc,168314.9
cassava,ben,rfc_plus_irc,242747.7
cassava,bfa,rfc_plus_irc,2595.2
cassava,bhs,rfc_plus_irc,28.8
cassava,blz,rfc_plus_irc,25.2
cassava,bol,rfc_plus_irc,32579.2
cassava,bra,rfc_plus_irc,1765183.8
cassava,brb,rfc_plus_irc,19
cassava,brn,rfc_plus_irc,174.7
cassava,caf,rfc_plus_irc,224077.4
cassava,chn,rfc_plus_irc,274902.5
cassava,civ,rfc_plus_irc,349693.9
cassava,cmr,rfc_plus_irc,267747.4
cassava,cod,rfc_plus_irc,1907719.5
cassava,cog,rfc_plus_irc,134686.1
cassava,col,rfc_plus_irc,196538.4
cassava,com,rfc_plus_irc,11014.2
cassava,cpv,rfc_plus_irc,378.2
cassava,cri,rfc_plus_irc,12394.8
cassava,cub,rfc_plus_irc,74060.8
cassava,dom,rfc_plus_irc,20296.8
cassava,ecu,rfc_plus_irc,18881.3
cassava,gab,rfc_plus_irc,52180
cassava,gha,rfc_plus_irc,846336.2
cassava,gin,rfc_plus_irc,137106.5
cassava,glp,rfc_plus_irc,127.8
cassava,gmb,rfc_plus_irc,2695.8
cassava,gnb,rfc_plus_irc,5534.4
cassava,gnq,rfc_plus_irc,21311.7
cassava,gtm,rfc_plus_irc,5411.8
cassava,guf,rfc_plus_irc,4586.1
cassava,guy,rfc_plus_irc,980
cassava,hnd,rfc_plus_irc,4004.8
cassava,hti,rfc_plus_irc,122512.4
cassava,idn,rfc_plus_irc,1157786.1
cassava,ind,rfc_plus_irc,241028
cassava,jam,rfc_plus_irc,911.4
cassava,ken,rfc_plus_irc,60997.6
cassava,khm,rfc_plus_irc,219298.6
cassava,lao,rfc_plus_irc,26074
cassava,lbr,rfc_plus_irc,70755.2
cassava,lka,rfc_plus_irc,23658.9
cassava,mdg,rfc_plus_irc,424339.9
cassava,mex,rfc_plus_irc,1344.6
cassava,mli,rfc_plus_irc,3786.3
cassava,mmr,rfc_plus_irc,35312.6
cassava,moz,rfc_plus_irc,1012806
cassava,mtq,rfc_plus_irc,96.5
cassava,mus,rfc_plus_irc,27.1
cassava,mwi,rfc_plus_irc,188569.8
cassava,mys,rfc_plus_irc,3057.5
cassava,ncl,rfc_plus_irc,326.6
cassava,ner,rfc_plus_irc,7554.5
cassava,nga,rfc_plus_irc,4622169.2
cassava,nic,rfc_plus_irc,18832.9
cassava,pan,rfc_plus_irc,1555
cassava,per,rfc_plus_irc,99026.9
cassava,phl,rfc_plus_irc,213658.8
cassava,png,rfc_plus_irc,13420
cassava,pri,rfc_plus_irc,71.2
cassava,pry,rfc_plus_irc,212650.6
cassava,reu,rfc_plus_irc,13.7
cassava,rwa,rfc_plus_irc,169339.7
cassava,sdn,rfc_plus_irc,6705.875
cassava,sen,rfc_plus_irc,37411.5
cassava,slb,rfc_plus_irc,167.3
cassava,sle,rfc_plus_irc,316679.2
cassava,slv,rfc_plus_irc,1892.2
cassava,som,rfc_plus_irc,9239.8
cassava,stp,rfc_plus_irc,730
cassava,sur,rfc_plus_irc,180.7
cassava,tcd,rfc_plus_irc,23946.7
cassava,tgo,rfc_plus_irc,172552.2
cassava,tha,rfc_plus_irc,1214127
cassava,tto,rfc_plus_irc,513.2
cassava,tza,rfc_plus_irc,882873.4
cassava,uga,rfc_plus_irc,535614.8
cassava,vct,rfc_plus_irc,101.9
cassava,ven,rfc_plus_irc,36013.8
cassava,vnm,rfc_plus_irc,516281.1
cassava,zmb,rfc_plus_irc,197231.9
cassava,zwe,rfc_plus_irc,47611.4
cotton,afg,rfc_plus_irc,33525
cotton,ago,rfc_plus_irc,2400
cotton,alb,rfc_plus_irc,829
cotton,arg,rfc_plus_irc,413203.8
cotton,atg,rfc_plus_irc,659.5
cotton,aus,rfc_plus_irc,331379.1
cotton,aze,rfc_plus_irc,50469.1
cotton,bdi,rfc_plus_irc,5329.5
cotton,ben,rfc_plus_irc,256822.4
cotton,bfa,rfc_plus_irc,518163.7
cotton,bgd,rfc_plus_irc,14464.6
cotton,bgr,rfc_plus_irc,606.2
cotton,bol,rfc_plus_irc,118280
cotton,bra,rfc_plus_irc,1087197.7
cotton,bwa,rfc_plus_irc,466.1
cotton,caf,rfc_plus_irc,20491.7
cotton,chn,rfc_plus_irc,5065019
cotton,civ,rfc_plus_irc,229993.9
cotton,cmr,rfc_plus_irc,178000
cotton,cod,rfc_plus_irc,69095.8
cotton,col,rfc_plus_irc,46237.7
cotton,cri,rfc_plus_irc,925.6666667
cotton,dza,rfc_plus_irc,201.6
cotton,ecu,rfc_plus_irc,2962.4
cotton,egy,rfc_plus_irc,182628.9
cotton,esp,rfc_plus_irc,66346.2
cotton,eth,rfc_plus_irc,89800
cotton,gha,rfc_plus_irc,17600
cotton,gin,rfc_plus_irc,38596.9
cotton,gmb,rfc_plus_irc,1471.1
cotton,gnb,rfc_plus_irc,4229
cotton,grc,rfc_plus_irc,297766.1
cotton,gtm,rfc_plus_irc,1190.5
cotton,hnd,rfc_plus_irc,1417.7
cotton,hti,rfc_plus_irc,2790.5
cotton,idn,rfc_plus_irc,10433
cotton,ind,rfc_plus_irc,10574910
cotton,irn,rfc_plus_irc,114423.6
cotton,irq,rfc_plus_irc,16422.6
cotton,isr,rfc_plus_irc,8016.6
cotton,kaz,rfc_plus_irc,162050
cotton,ken,rfc_plus_irc,43913.7
cotton,kgz,rfc_plus_irc,31664.2
cotton,khm,rfc_plus_irc,199
cotton,lao,rfc_plus_irc,2496
cotton,mar,rfc_plus_irc,112.9
cotton,mdg,rfc_plus_irc,15826.7
cotton,mex,rfc_plus_irc,129428.3
cotton,mli,rfc_plus_irc,400721.8
cotton,mmr,rfc_plus_irc,283166
cotton,moz,rfc_plus_irc,256635.7
cotton,mwi,rfc_plus_irc,109856.5
cotton,nam,rfc_plus_irc,10.5
cotton,ner,rfc_plus_irc,10210
cotton,nga,rfc_plus_irc,440855
cotton,nic,rfc_plus_irc,1955
cotton,npl,rfc_plus_irc,100
cotton,pak,rfc_plus_irc,2916590
cotton,per,rfc_plus_irc,60162.33333
cotton,phl,rfc_plus_irc,1171.9
cotton,prk,rfc_plus_irc,19100
cotton,pry,rfc_plus_irc,82382.8
cotton,sdn,rfc_plus_irc,116027.875
cotton,sen,rfc_plus_irc,32567.9
cotton,slv,rfc_plus_irc,625.1
cotton,som,rfc_plus_irc,16900
cotton,swz,rfc_plus_irc,2485
cotton,syr,rfc_plus_irc,163705.9
cotton,tcd,rfc_plus_irc,182500
cotton,tgo,rfc_plus_irc,88463.1
cotton,tha,rfc_plus_irc,8458
cotton,tjk,rfc_plus_irc,213895.5
cotton,tkm,rfc_plus_irc,574510
cotton,tun,rfc_plus_irc,2367
cotton,tur,rfc_plus_irc,501117.1
cotton,tza,rfc_plus_irc,414638.5
cotton,uga,rfc_plus_irc,91400
cotton,usa,rfc_plus_irc,3985954
cotton,uzb,rfc_plus_irc,1368616.9
cotton,ven,rfc_plus_irc,14626.7
cotton,vnm,rfc_plus_irc,10526.4
cotton,yem,rfc_plus_irc,17865.3
cotton,zaf,rfc_plus_irc,10911.6
cotton,zmb,rfc_plus_irc,130328.4
cotton,zwe,rfc_plus_irc,365508.4
maize,afg,rfc_plus_irc,158800
maize,ago,rfc_plus_irc,1281925.2
maize,alb,rfc_plus_irc,51756.2
maize,arg,rfc_plus_irc,3409751.6
maize,arm,rfc_plus_irc,3111.8
maize,atg,rfc_plus_irc,40.5
maize,aus,rfc_plus_irc,65132.4
maize,aut,rfc_plus_irc,194854.3
maize,aze,rfc_plus_irc,33778.3
maize,bdi,rfc_plus_irc,116701
maize,bel,rfc_plus_irc,64300.3
maize,ben,rfc_plus_irc,849146.7
maize,bfa,rfc_plus_irc,655532.4
maize,bgd,rfc_plus_irc,163607.4
maize,bgr,rfc_plus_irc,349733.7
maize,bhs,rfc_plus_irc,97.8
maize,bih,rfc_plus_irc,192372.8
maize,blr,rfc_plus_irc,118825
maize,blz,rfc_plus_irc,17763.5
maize,bol,rfc_plus_irc,382440.3
maize,bra,rfc_plus_irc,13683684
maize,brb,rfc_plus_irc,95.3
maize,btn,rfc_plus_irc,28518.3
maize,bwa,rfc_plus_irc,64755.2
maize,caf,rfc_plus_irc,127975.8
maize,can,rfc_plus_irc,1235460
maize,che,rfc_plus_irc,16992.1
maize,chl,rfc_plus_irc,128828.3
maize,chn,rfc_plus_irc,31731739.8
maize,civ,rfc_plus_irc,314899.7
maize,cmr,rfc_plus_irc,750540.9
maize,cod,rfc_plus_irc,1567774.7
maize,cog,rfc_plus_irc,12708.5
maize,col,rfc_plus_irc,606359.2
maize,com,rfc_plus_irc,2409.7
maize,cpv,rfc_plus_irc,29215.9
maize,cri,rfc_plus_irc,7824.1
maize,cub,rfc_plus_irc,163881.8
maize,cze,rfc_plus_irc,105783.1
maize,deu,rfc_plus_irc,468812.1
maize,dji,rfc_plus_irc,7.7
maize,dnk,rfc_plus_irc,5590
maize,dom,rfc_plus_irc,23567.4
maize,dza,rfc_plus_irc,372.4
maize,ecu,rfc_plus_irc,423437.7
maize,egy,rfc_plus_irc,900351.1
maize,eri,rfc_plus_irc,21235.1
maize,esp,rfc_plus_irc,376203.2
maize,eth,rfc_plus_irc,1885104.2
maize,fra,rfc_plus_irc,1657303.9
maize,gab,rfc_plus_irc,24107
maize,geo,rfc_plus_irc,132362.4
maize,gha,rfc_plus_irc,923314.8
maize,gin,rfc_plus_irc,443820.5
maize,gmb,rfc_plus_irc,36143.2
maize,gnb,rfc_plus_irc,14834.8
maize,grc,rfc_plus_irc,213726
maize,gtm,rfc_plus_irc,795218.4
maize,guf,rfc_plus_irc,82.9
maize,gum,rfc_plus_irc,17.4
maize,guy,rfc_plus_irc,3326.5
maize,hnd,rfc_plus_irc,328093.8
maize,hrv,rfc_plus_irc,295667.9
maize,hti,rfc_plus_irc,349909.5
maize,hun,rfc_plus_irc,1179454.3
maize,idn,rfc_plus_irc,3837857.4
maize,ind,rfc_plus_irc,8410820
maize,irn,rfc_plus_irc,282443.1
maize,irq,rfc_plus_irc,151914
maize,isr,rfc_plus_irc,4144.8
maize,ita,rfc_plus_irc,985977
maize,jam,rfc_plus_irc,1906.9
maize,jor,rfc_plus_irc,985.5
maize,jpn,rfc_plus_irc,64.4
maize,kaz,rfc_plus_irc,100700
maize,ken,rfc_plus_irc,1939781.4
maize,kgz,rfc_plus_irc,80366.4
maize,khm,rfc_plus_irc,167586.9
maize,kor,rfc_plus_irc,15960.6
maize,kwt,rfc_plus_irc,523.6
maize,lao,rfc_plus_irc,187142.5
maize,lbn,rfc_plus_irc,1029.3
maize,lby,rfc_plus_irc,1434.8
maize,lka,rfc_plus_irc,49923.6
maize,lso,rfc_plus_irc,123398.9
maize,ltu,rfc_plus_irc,8790
maize,mar,rfc_plus_irc,201656.6
maize,mda,rfc_plus_irc,440176.6
maize,mdg,rfc_plus_irc,275994
maize,mex,rfc_plus_irc,6910764.8
maize,mkd,rfc_plus_irc,31235.2
maize,mli,rfc_plus_irc,549069.4
maize,mmr,rfc_plus_irc,375721.6
maize,mne,rfc_plus_irc,2263.444444
maize,moz,rfc_plus_irc,1718926.8
maize,mrt,rfc_plus_irc,21757.1
maize,mus,rfc_plus_irc,61.5
maize,mwi,rfc_plus_irc,1609648
maize,mys,rfc_plus_irc,11723.4
maize,nam,rfc_plus_irc,29159.5
maize,ncl,rfc_plus_irc,1026
maize,ner,rfc_plus_irc,9991.7
maize,nga,rfc_plus_irc,4560321
maize,nic,rfc_plus_irc,342100.3
maize,nld,rfc_plus_irc,17770.5
maize,npl,rfc_plus_irc,874853
maize,nzl,rfc_plus_irc,19151.7
maize,pak,rfc_plus_irc,1051771
maize,pan,rfc_plus_irc,56964
maize,per,rfc_plus_irc,490871.2
maize,phl,rfc_plus_irc,2581824.1
maize,png,rfc_plus_irc,2017.6
maize,pol,rfc_plus_irc,396393.7
maize,pri,rfc_plus_irc,311.3
maize,prk,rfc_plus_irc,515515
maize,prt,rfc_plus_irc,103338.2
maize,pry,rfc_plus_irc,815483
maize,qat,rfc_plus_irc,82.1
maize,reu,rfc_plus_irc,1777.6
maize,rus,rfc_plus_irc,1543834.1
maize,rwa,rfc_plus_irc,186000.1
maize,sau,rfc_plus_irc,20364.4
maize,sdn,rfc_plus_irc,40141.125
maize,sen,rfc_plus_irc,152675.9
maize,sle,rfc_plus_irc,31225.2
maize,slv,rfc_plus_irc,266125.3
maize,som,rfc_plus_irc,94422.1
maize,srb,rfc_plus_irc,1150067.222
maize,stp,rfc_plus_irc,1292
maize,sur,rfc_plus_irc,17.7
maize,svk,rfc_plus_irc,178180.3
maize,svn,rfc_plus_irc,40139.5
maize,swz,rfc_plus_irc,62518.3
maize,syr,rfc_plus_irc,47103.6
maize,tcd,rfc_plus_irc,219558.3
maize,tgo,rfc_plus_irc,558865.3
maize,tha,rfc_plus_irc,1094817
maize,tjk,rfc_plus_irc,20454.2
maize,tkm,rfc_plus_irc,15980
maize,tto,rfc_plus_irc,1350.5
maize,tur,rfc_plus_irc,595469.9
maize,twn,rfc_plus_irc,20065.8
maize,tza,rfc_plus_irc,3399932.8
maize,uga,rfc_plus_irc,964200
maize,ukr,rfc_plus_irc,2982880
maize,ury,rfc_plus_irc,89130
maize,usa,rfc_plus_irc,32939588.7
maize,uzb,rfc_plus_irc,33267.2
maize,vct,rfc_plus_irc,41.1
maize,ven,rfc_plus_irc,646599.3
maize,vnm,rfc_plus_irc,1146391.8
maize,vut,rfc_plus_irc,1457.3
maize,yem,rfc_plus_irc,45826.2
maize,zaf,rfc_plus_irc,2783904.6
maize,zmb,rfc_plus_irc,871302.3
maize,zwe,rfc_plus_irc,1444922.9
rice,afg,rfc_plus_irc,192800
rice,ago,rfc_plus_irc,20683.4
rice,arg,rfc_plus_irc,205324.5
rice,aus,rfc_plus_irc,56685.2
rice,aze,rfc_plus_irc,1592.3
rice,bdi,rfc_plus_irc,23721.1
rice,ben,rfc_plus_irc,46871
rice,bfa,rfc_plus_irc,99962.8
rice,bgd,rfc_plus_irc,11238074.9
rice,bgr,rfc_plus_irc,8167.8
rice,blz,rfc_plus_irc,3715.3
rice,bol,rfc_plus_irc,169929.1
rice,bra,rfc_plus_irc,2808308.5
rice,brn,rfc_plus_irc,1576.5
rice,btn,rfc_plus_irc,23220
rice,caf,rfc_plus_irc,21169
rice,chl,rfc_plus_irc,23645.2
rice,chn,rfc_plus_irc,29966762.4
rice,civ,rfc_plus_irc,373993.2
rice,cmr,rfc_plus_irc,105005.4
rice,cod,rfc_plus_irc,453608.1
rice,col,rfc_plus_irc,479799.3
rice,cri,rfc_plus_irc,59586.1
rice,cub,rfc_plus_irc,173397
rice,dom,rfc_plus_irc,165010.7
rice,dza,rfc_plus_irc,184.9
rice,ecu,rfc_plus_irc,377165.5
rice,egy,rfc_plus_irc,620807.7
rice,esp,rfc_plus_irc,112400.2
rice,eth,rfc_plus_irc,26247.9
rice,fra,rfc_plus_irc,19649.5
rice,gab,rfc_plus_irc,535
rice,gha,rfc_plus_irc,165723.2
rice,gin,rfc_plus_irc,860471.3
rice,gmb,rfc_plus_irc,48426.2
rice,gnb,rfc_plus_irc,94039.9
rice,grc,rfc_plus_irc,28858.7
rice,gtm,rfc_plus_irc,10379.3
rice,guf,rfc_plus_irc,3580.9
rice,guy,rfc_plus_irc,136930
rice,hnd,rfc_plus_irc,8027.1
rice,hti,rfc_plus_irc,54790.8
rice,hun,rfc_plus_irc,2574
rice,idn,rfc_plus_irc,12850103.4
rice,ind,rfc_plus_irc,43580790
rice,irn,rfc_plus_irc,575582.3
rice,irq,rfc_plus_irc,87773.3
rice,ita,rfc_plus_irc,231006.3
rice,jpn,rfc_plus_irc,1627700
rice,kaz,rfc_plus_irc,88705
rice,ken,rfc_plus_irc,23165
rice,kgz,rfc_plus_irc,6643
rice,khm,rfc_plus_irc,2773746.2
rice,kor,rfc_plus_irc,898863.3
rice,lao,rfc_plus_irc,826677.1
rice,lbr,rfc_plus_irc,205081
rice,lka,rfc_plus_irc,992489.9
rice,mar,rfc_plus_irc,5849
rice,mdg,rfc_plus_irc,1403725
rice,mex,rfc_plus_irc,48477.3
rice,mkd,rfc_plus_irc,3623.4
rice,mli,rfc_plus_irc,556905.4
rice,mmr,rfc_plus_irc,7575375.1
rice,moz,rfc_plus_irc,218226.3
rice,mrt,rfc_plus_irc,25306.8
rice,mwi,rfc_plus_irc,60227
rice,mys,rfc_plus_irc,673732.8
rice,ner,rfc_plus_irc,14548
rice,nga,rfc_plus_irc,2548193.5
rice,nic,rfc_plus_irc,88215.7
rice,npl,rfc_plus_irc,1505268.2
rice,pak,rfc_plus_irc,2648920
rice,pan,rfc_plus_irc,102311.2
rice,per,rfc_plus_irc,373853.7
rice,phl,rfc_plus_irc,4456203.7
rice,prk,rfc_plus_irc,564059
rice,prt,rfc_plus_irc,28035.1
rice,pry,rfc_plus_irc,63745.1
rice,rus,rfc_plus_irc,177203.3
rice,rwa,rfc_plus_irc,15168.5
rice,sdn,rfc_plus_irc,7622
rice,sen,rfc_plus_irc,114547.9
rice,sle,rfc_plus_irc,599129.9
rice,slv,rfc_plus_irc,4928
rice,som,rfc_plus_irc,1976.7
rice,sur,rfc_plus_irc,51237.5
rice,swz,rfc_plus_irc,33.1
rice,tcd,rfc_plus_irc,130433.1
rice,tgo,rfc_plus_irc,54315.2
rice,tha,rfc_plus_irc,11094144.9
rice,tjk,rfc_plus_irc,14030.9
rice,tkm,rfc_plus_irc,55800
rice,tto,rfc_plus_irc,2276.2
rice,tur,rfc_plus_irc,101338.9
rice,twn,rfc_plus_irc,259928.4
rice,tza,rfc_plus_irc,849527.9
rice,uga,rfc_plus_irc,100500
rice,ukr,rfc_plus_irc,22640
rice,ury,rfc_plus_irc,171494.8
rice,usa,rfc_plus_irc,1186142.7
rice,uzb,rfc_plus_irc,46343.1
rice,ven,rfc_plus_irc,217402
rice,vnm,rfc_plus_irc,7532424.3
rice,zaf,rfc_plus_irc,1116.5
rice,zmb,rfc_plus_irc,23605.5
rice,zwe,rfc_plus_irc,282.1
root_tuber,afg,rfc_plus_irc,21156.9
root_tuber,ago,rfc_plus_irc,91399.1
root_tuber,alb,rfc_plus_irc,9325.7
root_tuber,are,rfc_plus_irc,326
root_tuber,arg,rfc_plus_irc,68212.7
root_tuber,arm,rfc_plus_irc,31568.5
root_tuber,aus,rfc_plus_irc,34231.1
root_tuber,aut,rfc_plus_irc,22092.7
root_tuber,aze,rfc_plus_irc,66301.9
root_tuber,bdi,rfc_plus_irc,13582.1
root_tuber,bel,rfc_plus_irc,72289.2
root_tuber,ben,rfc_plus_irc,10.5
root_tuber,bfa,rfc_plus_irc,1168
root_tuber,bgd,rfc_plus_irc,410685.8
root_tuber,bgr,rfc_plus_irc,17442.9
root_tuber,bhr,rfc_plus_irc,6
root_tuber,bih,rfc_plus_irc,38008.6
root_tuber,blr,rfc_plus_irc,374070.2
root_tuber,blz,rfc_plus_irc,82.1
root_tuber,bol,rfc_plus_irc,167222.5
root_tuber,bra,rfc_plus_irc,139671.2
root_tuber,btn,rfc_plus_irc,5371.9
root_tuber,caf,rfc_plus_irc,890
root_tuber,can,rfc_plus_irc,148090.6
root_tuber,che,rfc_plus_irc,11401.1
root_tuber,chl,rfc_plus_irc,51909.7
root_tuber,chn,rfc_plus_irc,5071693.9
root_tuber,cmr,rfc_plus_irc,61601.5
root_tuber,cod,rfc_plus_irc,21288
root_tuber,cog,rfc_plus_irc,616.6
root_tuber,col,rfc_plus_irc,122046
root_tuber,com,rfc_plus_irc,44.7
root_tuber,cpv,rfc_plus_irc,353.4
root_tuber,cri,rfc_plus_irc,2724.3
root_tuber,cub,rfc_plus_irc,8588.9
root_tuber,cyp,rfc_plus_irc,4949.2
root_tuber,cze,rfc_plus_irc,28089.3
root_tuber,deu,rfc_plus_irc,258946.1
root_tuber,dnk,rfc_plus_irc,39971.6
root_tuber,dom,rfc_plus_irc,2160.3
root_tuber,dza,rfc_plus_irc,118474
root_tuber,ecu,rfc_plus_irc,44435.9
root_tuber,egy,rfc_plus_irc,142276.8
root_tuber,eri,rfc_plus_irc,503.4
root_tuber,esp,rfc_plus_irc,81494.3
root_tuber,est,rfc_plus_irc,9373.9
root_tuber,eth,rfc_plus_irc,63954.9
root_tuber,fin,rfc_plus_irc,25120
root_tuber,fra,rfc_plus_irc,159545
root_tuber,fro,rfc_plus_irc,95.7
root_tuber,gbr,rfc_plus_irc,141860
root_tuber,geo,rfc_plus_irc,23639.3
root_tuber,gin,rfc_plus_irc,1863
root_tuber,grc,rfc_plus_irc,37383.6
root_tuber,gtm,rfc_plus_irc,18739.1
root_tuber,hnd,rfc_plus_irc,1543.5
root_tuber,hrv,rfc_plus_irc,13462.4
root_tuber,hti,rfc_plus_irc,1466.2
root_tuber,hun,rfc_plus_irc,22936.5
root_tuber,idn,rfc_plus_irc,65624.7
root_tuber,ind,rfc_plus_irc,1808190
root_tuber,irl,rfc_plus_irc,11170
root_tuber,irn,rfc_plus_irc,165102.9
root_tuber,irq,rfc_plus_irc,35755.5
root_tuber,isr,rfc_plus_irc,18005
root_tuber,ita,rfc_plus_irc,63867.4
root_tuber,jam,rfc_plus_irc,700.6
root_tuber,jor,rfc_plus_irc,5082.4
root_tuber,jpn,rfc_plus_irc,83040
root_tuber,kaz,rfc_plus_irc,172775
root_tuber,ken,rfc_plus_irc,127351.2
root_tuber,kgz,rfc_plus_irc,82518.4
root_tuber,kor,rfc_plus_irc,24459.1
root_tuber,kwt,rfc_plus_irc,978.9
root_tuber,lao,rfc_plus_irc,1607.5
root_tuber,lbn,rfc_plus_irc,16704.1
root_tuber,lby,rfc_plus_irc,15643
root_tuber,lka,rfc_plus_irc,4900.5
root_tuber,lso,rfc_plus_irc,6305.1
root_tuber,ltu,rfc_plus_irc,44205
root_tuber,lva,rfc_plus_irc,29380
root_tuber,mar,rfc_plus_irc,58742.8
root_tuber,mda,rfc_plus_irc,29477.1
root_tuber,mdg,rfc_plus_irc,37208.4
root_tuber,mex,rfc_plus_irc,60267.5
root_tuber,mkd,rfc_plus_irc,13427
root_tuber,mli,rfc_plus_irc,4764.5
root_tuber,mlt,rfc_plus_irc,724.3
root_tuber,mmr,rfc_plus_irc,36470.1
root_tuber,mne,rfc_plus_irc,11144.22222
root_tuber,mng,rfc_plus_irc,13247.8
root_tuber,moz,rfc_plus_irc,11415.3
root_tuber,mrt,rfc_plus_irc,398.6
root_tuber,mus,rfc_plus_irc,766.1
root_tuber,mwi,rfc_plus_irc,216678
root_tuber,nam,rfc_plus_irc,832
root_tuber,ncl,rfc_plus_irc,167.5
root_tuber,ner,rfc_plus_irc,2240.6
root_tuber,nga,rfc_plus_irc,262368
root_tuber,nic,rfc_plus_irc,2108.8
root_tuber,nld,rfc_plus_irc,155286.7
root_tuber,nor,rfc_plus_irc,13378.7
root_tuber,npl,rfc_plus_irc,175097.5
root_tuber,nzl,rfc_plus_irc,10925
root_tuber,omn,rfc_plus_irc,289.9
root_tuber,pak,rfc_plus_irc,148130
root_tuber,pan,rfc_plus_irc,1086.2
root_tuber,per,rfc_plus_irc,288679.3
root_tuber,phl,rfc_plus_irc,7493.8
root_tuber,png,rfc_plus_irc,199.3
root_tuber,pol,rfc_plus_irc,467906.4
root_tuber,prk,rfc_plus_irc,154727
root_tuber,prt,rfc_plus_irc,32338.2
root_tuber,pry,rfc_plus_irc,192.2
root_tuber,pse,rfc_plus_irc,1785.3
root_tuber,qat,rfc_plus_irc,2.8
root_tuber,reu,rfc_plus_irc,481
root_tuber,rus,rfc_plus_irc,2386217.5
root_tuber,rwa,rfc_plus_irc,146876.9
root_tuber,sau,rfc_plus_irc,17681.5
root_tuber,sdn,rfc_plus_irc,18907.125
root_tuber,sen,rfc_plus_irc,669.8
root_tuber,slv,rfc_plus_irc,223.4
root_tuber,srb,rfc_plus_irc,70552
root_tuber,svk,rfc_plus_irc,12953.4
root_tuber,svn,rfc_plus_irc,4462
root_tuber,swe,rfc_plus_irc,26810.5
root_tuber,swz,rfc_plus_irc,3478.5
root_tuber,syr,rfc_plus_irc,31550.9
root_tuber,tcd,rfc_plus_irc,6670.4
root_tuber,tha,rfc_plus_irc,7970.7
root_tuber,tjk,rfc_plus_irc,33616.9
root_tuber,tkm,rfc_plus_irc,40450
root_tuber,tun,rfc_plus_irc,24405
root_tuber,tur,rfc_plus_irc,146568.6
root_tuber,twn,rfc_plus_irc,2138.9
root_tuber,tza,rfc_plus_irc,166627.4
root_tuber,uga,rfc_plus_irc,79670
root_tuber,ukr,rfc_plus_irc,1428729
root_tuber,ury,rfc_plus_irc,6117.4
root_tuber,usa,rfc_plus_irc,434279.6
root_tuber,uzb,rfc_plus_irc,65861.4
root_tuber,ven,rfc_plus_irc,24623.8
root_tuber,vnm,rfc_plus_irc,31177.9
root_tuber,yem,rfc_plus_irc,20686.2
root_tuber,zaf,rfc_plus_irc,60488
root_tuber,zmb,rfc_plus_irc,1152.9
root_tuber,zwe,rfc_plus_irc,3157.3
sorghum,ago,rfc_plus_irc,155656.4
sorghum,arg,rfc_plus_irc,700761.4
sorghum,aus,rfc_plus_irc,677925.6
sorghum,aze,rfc_plus_irc,2.142857143
sorghum,bdi,rfc_plus_irc,57716.9
sorghum,ben,rfc_plus_irc,128708.5
sorghum,bfa,rfc_plus_irc,1672394.9
sorghum,bgd,rfc_plus_irc,191
sorghum,bgr,rfc_plus_irc,2962.1
sorghum,blz,rfc_plus_irc,4693.2
sorghum,bol,rfc_plus_irc,117769.2
sorghum,bra,rfc_plus_irc,753723.4
sorghum,bwa,rfc_plus_irc,43218.1
sorghum,caf,rfc_plus_irc,49510.1
sorghum,chn,rfc_plus_irc,551067.9
sorghum,civ,rfc_plus_irc,65200.9
sorghum,cmr,rfc_plus_irc,699640.8
sorghum,cod,rfc_plus_irc,9044.3
sorghum,col,rfc_plus_irc,26459.2
sorghum,cub,rfc_plus_irc,1704.3
sorghum,dom,rfc_plus_irc,1044
sorghum,dza,rfc_plus_irc,151.1
sorghum,ecu,rfc_plus_irc,8329.4
sorghum,egy,rfc_plus_irc,147953
sorghum,eri,rfc_plus_irc,256334.2
sorghum,esp,rfc_plus_irc,7242.3
sorghum,eth,rfc_plus_irc,1638329.4
sorghum,fra,rfc_plus_irc,50273.7
sorghum,gha,rfc_plus_irc,255623.7
sorghum,gin,rfc_plus_irc,34686.8
sorghum,gmb,rfc_plus_irc,27138.1
sorghum,gnb,rfc_plus_irc,20461.2
sorghum,grc,rfc_plus_irc,359.3
sorghum,gtm,rfc_plus_irc,28650
sorghum,hnd,rfc_plus_irc,46870.1
sorghum,hrv,rfc_plus_irc,347.1
sorghum,hti,rfc_plus_irc,123345.3
sorghum,hun,rfc_plus_irc,4460.5
sorghum,ind,rfc_plus_irc,7494340
sorghum,isr,rfc_plus_irc,5476.9
sorghum,ita,rfc_plus_irc,40736.8
sorghum,jor,rfc_plus_irc,751.5
sorghum,kaz,rfc_plus_irc,132.1
sorghum,ken,rfc_plus_irc,185988.1
sorghum,kgz,rfc_plus_irc,48
sorghum,kor,rfc_plus_irc,1610.3
sorghum,lbn,rfc_plus_irc,324.8
sorghum,lka,rfc_plus_irc,132.3
sorghum,lso,rfc_plus_irc,24458.7
sorghum,mar,rfc_plus_irc,11513
sorghum,mda,rfc_plus_irc,246.9
sorghum,mdg,rfc_plus_irc,2491.6
sorghum,mex,rfc_plus_irc,1752266.9
sorghum,mkd,rfc_plus_irc,28.1
sorghum,mli,rfc_plus_irc,1112628.2
sorghum,mmr,rfc_plus_irc,224622.4
sorghum,moz,rfc_plus_irc,433673.7
sorghum,mrt,rfc_plus_irc,170806.2
sorghum,mwi,rfc_plus_irc,80337.9
sorghum,nam,rfc_plus_irc,17760.3
sorghum,ncl,rfc_plus_irc,74.6
sorghum,ner,rfc_plus_irc,3004771.1
sorghum,nga,rfc_plus_irc,6036620.2
sorghum,nic,rfc_plus_irc,45221.9
sorghum,omn,rfc_plus_irc,1885.5
sorghum,pak,rfc_plus_irc,234799.6
sorghum,pan,rfc_plus_irc,1572
sorghum,per,rfc_plus_irc,42.1
sorghum,png,rfc_plus_irc,1125.9
sorghum,prk,rfc_plus_irc,21904
sorghum,pry,rfc_plus_irc,17732.4
sorghum,pse,rfc_plus_irc,215.8
sorghum,rus,rfc_plus_irc,54975.8
sorghum,rwa,rfc_plus_irc,138789.4
sorghum,sau,rfc_plus_irc,84332.7
sorghum,sdn,rfc_plus_irc,7174046.25
sorghum,sen,rfc_plus_irc,164124.1
sorghum,sle,rfc_plus_irc,26621.5
sorghum,slv,rfc_plus_irc,91869.8
sorghum,som,rfc_plus_irc,341681.3
sorghum,srb,rfc_plus_irc,2527.111111
sorghum,svk,rfc_plus_irc,594.3
sorghum,swz,rfc_plus_irc,963.2
sorghum,syr,rfc_plus_irc,2174
sorghum,tcd,rfc_plus_irc,939422.8
sorghum,tgo,rfc_plus_irc,242030.1
sorghum,tha,rfc_plus_irc,30164.9
sorghum,tjk,rfc_plus_irc,123.6
sorghum,tun,rfc_plus_irc,2947.1
sorghum,twn,rfc_plus_irc,1509.9
sorghum,tza,rfc_plus_irc,749223.4
sorghum,uga,rfc_plus_irc,341500
sorghum,ukr,rfc_plus_irc,68290
sorghum,ury,rfc_plus_irc,46253.3
sorghum,usa,rfc_plus_irc,2302084
sorghum,uzb,rfc_plus_irc,2415
sorghum,ven,rfc_plus_irc,163660.5
sorghum,yem,rfc_plus_irc,500613.9
sorghum,zaf,rfc_plus_irc,68475.5
sorghum,zmb,rfc_plus_irc,24618.2
sorghum,zwe,rfc_plus_irc,257115.7
soybean,ago,rfc_plus_irc,16483.1
soybean,alb,rfc_plus_irc,263.1
soybean,arg,rfc_plus_irc,17144628.7
soybean,aus,rfc_plus_irc,28569.2
soybean,aut,rfc_plus_irc,30581.9
soybean,aze,rfc_plus_irc,19.2
soybean,bdi,rfc_plus_irc,3797.3
soybean,ben,rfc_plus_irc,36133.9
soybean,bfa,rfc_plus_irc,13304.8
soybean,bgd,rfc_plus_irc,39086
soybean,bgr,rfc_plus_irc,322.3
soybean,bih,rfc_plus_irc,4717.6
soybean,blz,rfc_plus_irc,745.4
soybean,bol,rfc_plus_irc,1078118.5
soybean,bra,rfc_plus_irc,23900994.8
soybean,btn,rfc_plus_irc,716.2
soybean,can,rfc_plus_irc,1491000
soybean,che,rfc_plus_irc,1197.2
soybean,chn,rfc_plus_irc,8306731.7
soybean,civ,rfc_plus_irc,747.4
soybean,cmr,rfc_plus_irc,10996.3
soybean,cod,rfc_plus_irc,37039.9
soybean,col,rfc_plus_irc,30661.8
soybean,cze,rfc_plus_irc,7338.4
soybean,deu,rfc_plus_irc,2555.555556
soybean,ecu,rfc_plus_irc,38565.3
soybean,egy,rfc_plus_irc,9650.6
soybean,esp,rfc_plus_irc,686.1
soybean,eth,rfc_plus_irc,15778.6
soybean,fra,rfc_plus_irc,44726.7
soybean,gab,rfc_plus_irc,3719.9
soybean,geo,rfc_plus_irc,912.7
soybean,grc,rfc_plus_irc,1581.8
soybean,gtm,rfc_plus_irc,13800
soybean,hnd,rfc_plus_irc,808.4
soybean,hrv,rfc_plus_irc,50132.9
soybean,hun,rfc_plus_irc,36715.1
soybean,idn,rfc_plus_irc,599239.4
soybean,ind,rfc_plus_irc,9784919
soybean,irn,rfc_plus_irc,78160.8
soybean,irq,rfc_plus_irc,44.3
soybean,ita,rfc_plus_irc,159853.1
soybean,jpn,rfc_plus_irc,137280
soybean,kaz,rfc_plus_irc,67260
soybean,ken,rfc_plus_irc,2297.2
soybean,kgz,rfc_plus_irc,154.4
soybean,khm,rfc_plus_irc,87385.3
soybean,kor,rfc_plus_irc,80223.9
soybean,lao,rfc_plus_irc,8775
soybean,lbr,rfc_plus_irc,7751.7
soybean,lka,rfc_plus_irc,3455.9
soybean,mar,rfc_plus_irc,985
soybean,mda,rfc_plus_irc,48186.9
soybean,mdg,rfc_plus_irc,83.4
soybean,mex,rfc_plus_irc,116792.7
soybean,mmr,rfc_plus_irc,154725.8
soybean,nga,rfc_plus_irc,601884
soybean,nic,rfc_plus_irc,2177.6
soybean,npl,rfc_plus_irc,24679.7
soybean,pak,rfc_plus_irc,122
soybean,pan,rfc_plus_irc,259.4
soybean,per,rfc_plus_irc,1644
soybean,phl,rfc_plus_irc,556.8
soybean,pol,rfc_plus_irc,262.2222222
soybean,prk,rfc_plus_irc,299500
soybean,pry,rfc_plus_irc,2658003.6
soybean,rus,rfc_plus_irc,1039740
soybean,rwa,rfc_plus_irc,49094.3
soybean,slv,rfc_plus_irc,2283.2
soybean,srb,rfc_plus_irc,156004.1111
soybean,sur,rfc_plus_irc,13.5
soybean,svk,rfc_plus_irc,16316.5
soybean,svn,rfc_plus_irc,167.7
soybean,syr,rfc_plus_irc,1132.2
soybean,tha,rfc_plus_irc,92173.3
soybean,tjk,rfc_plus_irc,109.5555556
soybean,tur,rfc_plus_irc,20821.9
soybean,twn,rfc_plus_irc,183.7
soybean,tza,rfc_plus_irc,4821.9
soybean,uga,rfc_plus_irc,118023.1
soybean,ukr,rfc_plus_irc,958333
soybean,ury,rfc_plus_irc,695933.5
soybean,usa,rfc_plus_irc,30226134.9
soybean,ven,rfc_plus_irc,23453.8
soybean,vnm,rfc_plus_irc,164154.7
soybean,zaf,rfc_plus_irc,319817
soybean,zmb,rfc_plus_irc,66896.8
soybean,zwe,rfc_plus_irc,55619.6
sugarbeet,afg,rfc_plus_irc,1571.4
sugarbeet,alb,rfc_plus_irc,2000
sugarbeet,arm,rfc_plus_irc,2280
sugarbeet,aut,rfc_plus_irc,45534.1
sugarbeet,aze,rfc_plus_irc,6150.9
sugarbeet,bel,rfc_plus_irc,67963.6
sugarbeet,bgr,rfc_plus_irc,437.1111111
sugarbeet,bih,rfc_plus_irc,17.11111111
sugarbeet,blr,rfc_plus_irc,97255
sugarbeet,can,rfc_plus_irc,11050
sugarbeet,che,rfc_plus_irc,19619.3
sugarbeet,chl,rfc_plus_irc,20008.3
sugarbeet,chn,rfc_plus_irc,208230
sugarbeet,col,rfc_plus_irc,1029
sugarbeet,cze,rfc_plus_irc,58488.1
sugarbeet,deu,rfc_plus_irc,383039.7
sugarbeet,dnk,rfc_plus_irc,39793
sugarbeet,ecu,rfc_plus_irc,618.6
sugarbeet,egy,rfc_plus_irc,134202.6
sugarbeet,esp,rfc_plus_irc,55491.7
sugarbeet,fin,rfc_plus_irc,16530
sugarbeet,fra,rfc_plus_irc,384077.6
sugarbeet,gbr,rfc_plus_irc,122165.4
sugarbeet,grc,rfc_plus_irc,17238.5
sugarbeet,hrv,rfc_plus_irc,25183.5
sugarbeet,hun,rfc_plus_irc,25499
sugarbeet,irl,rfc_plus_irc,4671.428571
sugarbeet,irn,rfc_plus_irc,107435.6
sugarbeet,irq,rfc_plus_irc,1464.4
sugarbeet,ita,rfc_plus_irc,82348.2
sugarbeet,jpn,rfc_plus_irc,63000
sugarbeet,kaz,rfc_plus_irc,8850
sugarbeet,kgz,rfc_plus_irc,8512.1
sugarbeet,lbn,rfc_plus_irc,322.8
sugarbeet,ltu,rfc_plus_irc,16696
sugarbeet,lva,rfc_plus_irc,3312.5
sugarbeet,mar,rfc_plus_irc,47146.3
sugarbeet,mda,rfc_plus_irc,29361.6
sugarbeet,mex,rfc_plus_irc,22.22222222
sugarbeet,mkd,rfc_plus_irc,496.2
sugarbeet,nld,rfc_plus_irc,76526
sugarbeet,pak,rfc_plus_irc,2078.6
sugarbeet,pol,rfc_plus_irc,219631.9
sugarbeet,prt,rfc_plus_irc,1938.1
sugarbeet,rus,rfc_plus_irc,929633.2
sugarbeet,srb,rfc_plus_irc,64645
sugarbeet,svk,rfc_plus_irc,20498.3
sugarbeet,svn,rfc_plus_irc,1304.555556
sugarbeet,swe,rfc_plus_irc,39791.9
sugarbeet,syr,rfc_plus_irc,21586.1
sugarbeet,tkm,rfc_plus_irc,21410
sugarbeet,tun,rfc_plus_irc,132
sugarbeet,tur,rfc_plus_irc,309101.2
sugarbeet,ukr,rfc_plus_irc,474215
sugarbeet,usa,rfc_plus_irc,478379.7
sugarbeet,ven,rfc_plus_irc,1222.7
sugarcane,ago,rfc_plus_irc,12597
sugarcane,arg,rfc_plus_irc,344118.9
sugarcane,aus,rfc_plus_irc,378544.4
sugarcane,bdi,rfc_plus_irc,2511.9
sugarcane,ben,rfc_plus_irc,1341.4
sugarcane,bfa,rfc_plus_irc,4595
sugarcane,bgd,rfc_plus_irc,126861
sugarcane,bhs,rfc_plus_irc,2277
sugarcane,blz,rfc_plus_irc,24393.7
sugarcane,bol,rfc_plus_irc,142918.1
sugarcane,bra,rfc_plus_irc,8501572.3
sugarcane,brb,rfc_plus_irc,7072.4
sugarcane,btn,rfc_plus_irc,437
sugarcane,caf,rfc_plus_irc,13431
sugarcane,chn,rfc_plus_irc,1661359.5
sugarcane,civ,rfc_plus_irc,24250
sugarcane,cmr,rfc_plus_irc,136077
sugarcane,cod,rfc_plus_irc,42519
sugarcane,cog,rfc_plus_irc,16131
sugarcane,col,rfc_plus_irc,392647.4
sugarcane,cpv,rfc_plus_irc,1335.6
sugarcane,cri,rfc_plus_irc,56241.1
sugarcane,cub,rfc_plus_irc,416590
sugarcane,dma,rfc_plus_irc,236
sugarcane,dom,rfc_plus_irc,92200.1
sugarcane,ecu,rfc_plus_irc,98888.8
sugarcane,egy,rfc_plus_irc,136926.1
sugarcane,esp,rfc_plus_irc,103.6666667
sugarcane,eth,rfc_plus_irc,22329.1
sugarcane,gab,rfc_plus_irc,4098
sugarcane,gha,rfc_plus_irc,5750
sugarcane,gin,rfc_plus_irc,5365
sugarcane,glp,rfc_plus_irc,11610.2
sugarcane,gnb,rfc_plus_irc,222
sugarcane,gtm,rfc_plus_irc,235937.3
sugarcane,guf,rfc_plus_irc,109.2
sugarcane,guy,rfc_plus_irc,45998.7
sugarcane,hnd,rfc_plus_irc,73874.4
sugarcane,hti,rfc_plus_irc,18611
sugarcane,idn,rfc_plus_irc,434214.3
sugarcane,ind,rfc_plus_irc,4676419
sugarcane,irn,rfc_plus_irc,71241.4
sugarcane,jam,rfc_plus_irc,28700
sugarcane,jpn,rfc_plus_irc,22390
sugarcane,ken,rfc_plus_irc,68473.2
sugarcane,khm,rfc_plus_irc,17597.6
sugarcane,lao,rfc_plus_irc,15468
sugarcane,lbr,rfc_plus_irc,25808
sugarcane,lka,rfc_plus_irc,15777.3
sugarcane,mar,rfc_plus_irc,12260.1
sugarcane,mdg,rfc_plus_irc,91400
sugarcane,mex,rfc_plus_irc,713971.3
sugarcane,mli,rfc_plus_irc,4919.1
sugarcane,mmr,rfc_plus_irc,155787.6
sugarcane,moz,rfc_plus_irc,39354.7
sugarcane,mtq,rfc_plus_irc,3924.6
sugarcane,mus,rfc_plus_irc,59640.8
sugarcane,mwi,rfc_plus_irc,24322
sugarcane,mys,rfc_plus_irc,7500.3
sugarcane,ner,rfc_plus_irc,4177.8
sugarcane,nga,rfc_plus_irc,58638
sugarcane,nic,rfc_plus_irc,58302.8
sugarcane,npl,rfc_plus_irc,62485
sugarcane,pak,rfc_plus_irc,1045170
sugarcane,pan,rfc_plus_irc,33686.8
sugarcane,per,rfc_plus_irc,75056.3
sugarcane,phl,rfc_plus_irc,404314.4
sugarcane,png,rfc_plus_irc,8105
sugarcane,prt,rfc_plus_irc,59.2
sugarcane,pry,rfc_plus_irc,96588.5
sugarcane,reu,rfc_plus_irc,24865
sugarcane,rwa,rfc_plus_irc,3625
sugarcane,sdn,rfc_plus_irc,68230.375
sugarcane,sen,rfc_plus_irc,7444
sugarcane,sle,rfc_plus_irc,1052
sugarcane,slv,rfc_plus_irc,66907.6
sugarcane,som,rfc_plus_irc,6012
sugarcane,sur,rfc_plus_irc,2895
sugarcane,swz,rfc_plus_irc,53138.1
sugarcane,tcd,rfc_plus_irc,4005
sugarcane,tha,rfc_plus_irc,1111946.8
sugarcane,tto,rfc_plus_irc,7800
sugarcane,twn,rfc_plus_irc,9791.5
sugarcane,tza,rfc_plus_irc,43409.6
sugarcane,uga,rfc_plus_irc,43971
sugarcane,ury,rfc_plus_irc,5820.2
sugarcane,usa,rfc_plus_irc,359149
sugarcane,vct,rfc_plus_irc,793
sugarcane,ven,rfc_plus_irc,112128.4
sugarcane,vnm,rfc_plus_irc,285230.5
sugarcane,zaf,rfc_plus_irc,309859
sugarcane,zmb,rfc_plus_irc,30281
sugarcane,zwe,rfc_plus_irc,42029.9
sunflower,afg,rfc_plus_irc,4427.6
sunflower,ago,rfc_plus_irc,16210.3
sunflower,alb,rfc_plus_irc,1294.6
sunflower,arg,rfc_plus_irc,1877398.7
sunflower,aus,rfc_plus_irc,40387.1
sunflower,aut,rfc_plus_irc,26103.3
sunflower,aze,rfc_plus_irc,10168.2
sunflower,bgr,rfc_plus_irc,737337.8
sunflower,bih,rfc_plus_irc,293.4
sunflower,blr,rfc_plus_irc,10736.8
sunflower,bol,rfc_plus_irc,181620.8
sunflower,bra,rfc_plus_irc,80666.1
sunflower,bwa,rfc_plus_irc,5689.4
sunflower,can,rfc_plus_irc,52040
sunflower,che,rfc_plus_irc,4154.4
sunflower,chl,rfc_plus_irc,3409.4
sunflower,chn,rfc_plus_irc,931632
sunflower,cze,rfc_plus_irc,28135.7
sunflower,deu,rfc_plus_irc,24683.4
sunflower,dza,rfc_plus_irc,169.5
sunflower,egy,rfc_plus_irc,11480.2
sunflower,esp,rfc_plus_irc,727552.8
sunflower,fra,rfc_plus_irc,670457.2
sunflower,geo,rfc_plus_irc,19490
sunflower,grc,rfc_plus_irc,39237.1
sunflower,hrv,rfc_plus_irc,33735
sunflower,hun,rfc_plus_irc,552984
sunflower,ind,rfc_plus_irc,1358900
sunflower,irn,rfc_plus_irc,68600
sunflower,irq,rfc_plus_irc,6012.2
sunflower,isr,rfc_plus_irc,3344.9
sunflower,ita,rfc_plus_irc,120820.2
sunflower,kaz,rfc_plus_irc,621821.6
sunflower,ken,rfc_plus_irc,13300
sunflower,kgz,rfc_plus_irc,46186.4
sunflower,mar,rfc_plus_irc,33734.6
sunflower,mda,rfc_plus_irc,270337.3
sunflower,mex,rfc_plus_irc,2376.7
sunflower,mkd,rfc_plus_irc,4208.6
sunflower,mmr,rfc_plus_irc,663835.2
sunflower,moz,rfc_plus_irc,24000
sunflower,mwi,rfc_plus_irc,10324.1
sunflower,nam,rfc_plus_irc,137.1
sunflower,pak,rfc_plus_irc,281804
sunflower,pol,rfc_plus_irc,3009
sunflower,prt,rfc_plus_irc,17068.1
sunflower,pry,rfc_plus_irc,89584.9
sunflower,pse,rfc_plus_irc,7.6
sunflower,rus,rfc_plus_irc,6012765.6
sunflower,sdn,rfc_plus_irc,93296.7
sunflower,srb,rfc_plus_irc,175501.1111
sunflower,svk,rfc_plus_irc,84499
sunflower,svn,rfc_plus_irc,239.4
sunflower,syr,rfc_plus_irc,7116.3
sunflower,tha,rfc_plus_irc,30931.3
sunflower,tjk,rfc_plus_irc,3447.2
sunflower,tun,rfc_plus_irc,9111.4
sunflower,tur,rfc_plus_irc,603730
sunflower,tza,rfc_plus_irc,555112.9
sunflower,uga,rfc_plus_irc,200430
sunflower,ukr,rfc_plus_irc,4411112
sunflower,ury,rfc_plus_irc,32819.5
sunflower,usa,rfc_plus_irc,764269.6
sunflower,uzb,rfc_plus_irc,10029.9
sunflower,ven,rfc_plus_irc,36802.4
sunflower,zaf,rfc_plus_irc,509333
sunflower,zmb,rfc_plus_irc,42425.7
sunflower,zwe,rfc_plus_irc,41199.9
wheat,afg,rfc_plus_irc,2427066.8
wheat,ago,rfc_plus_irc,3780.1
wheat,alb,rfc_plus_irc,75113.2
wheat,are,rfc_plus_irc,8.1
wheat,arg,rfc_plus_irc,4456537.7
wheat,arm,rfc_plus_irc,96980.7
wheat,aus,rfc_plus_irc,13065369.6
wheat,aut,rfc_plus_irc,298965.3
wheat,aze,rfc_plus_irc,634388.3
wheat,bdi,rfc_plus_irc,9972.8
wheat,bel,rfc_plus_irc,206917.2
wheat,bgd,rfc_plus_irc,415358.6
wheat,bgr,rfc_plus_irc,1156194.7
wheat,bih,rfc_plus_irc,66163.5
wheat,blr,rfc_plus_irc,562719.5
wheat,bol,rfc_plus_irc,164185.4
wheat,bra,rfc_plus_irc,2172377.1
wheat,btn,rfc_plus_irc,4033.3
wheat,bwa,rfc_plus_irc,97.125
wheat,can,rfc_plus_irc,9360470
wheat,che,rfc_plus_irc,90547.1
wheat,chl,rfc_plus_irc,280398.3
wheat,chn,rfc_plus_irc,23917602.7
wheat,cmr,rfc_plus_irc,594.1
wheat,cod,rfc_plus_irc,7081.8
wheat,col,rfc_plus_irc,12506.3
wheat,cyp,rfc_plus_irc,6697.4
wheat,cze,rfc_plus_irc,822289.2
wheat,deu,rfc_plus_irc,3167059.6
wheat,dnk,rfc_plus_irc,678310
wheat,dza,rfc_plus_irc,1681508
wheat,ecu,rfc_plus_irc,9514.2
wheat,egy,rfc_plus_irc,1299607
wheat,eri,rfc_plus_irc,24075.5
wheat,esp,rfc_plus_irc,1983213.3
wheat,est,rfc_plus_irc,114853.4
wheat,eth,rfc_plus_irc,1532782.7
wheat,fin,rfc_plus_irc,223020
wheat,fra,rfc_plus_irc,5408149.5
wheat,gbr,rfc_plus_irc,1883821
wheat,geo,rfc_plus_irc,52029.8
wheat,grc,rfc_plus_irc,665253.2
wheat,gtm,rfc_plus_irc,1133.3
wheat,hnd,rfc_plus_irc,2264.5
wheat,hrv,rfc_plus_irc,169965.9
wheat,hun,rfc_plus_irc,1085122
wheat,ind,rfc_plus_irc,28487600
wheat,irl,rfc_plus_irc,86440
wheat,irn,rfc_plus_irc,6454161.2
wheat,irq,rfc_plus_irc,1500988.8
wheat,isr,rfc_plus_irc,70539
wheat,ita,rfc_plus_irc,1945321.6
wheat,jor,rfc_plus_irc,20099.8
wheat,jpn,rfc_plus_irc,210900
wheat,kaz,rfc_plus_irc,12970490
wheat,ken,rfc_plus_irc,142637.3
wheat,kgz,rfc_plus_irc,372783
wheat,kor,rfc_plus_irc,6328.9
wheat,kwt,rfc_plus_irc,131.7
wheat,lbn,rfc_plus_irc,42154
wheat,lby,rfc_plus_irc,146400
wheat,lso,rfc_plus_irc,16366.9
wheat,ltu,rfc_plus_irc,504250
wheat,lva,rfc_plus_irc,288940
wheat,mar,rfc_plus_irc,2975293
wheat,mda,rfc_plus_irc,343696.8
wheat,mdg,rfc_plus_irc,4075.4
wheat,mex,rfc_plus_irc,686306
wheat,mkd,rfc_plus_irc,86414.2
wheat,mli,rfc_plus_irc,6613.1
wheat,mlt,rfc_plus_irc,2810.4
wheat,mmr,rfc_plus_irc,99803.1
wheat,mne,rfc_plus_irc,773.3333333
wheat,mng,rfc_plus_irc,219299.7
wheat,moz,rfc_plus_irc,12301.8
wheat,mrt,rfc_plus_irc,1363.8
wheat,mwi,rfc_plus_irc,1548.1
wheat,nam,rfc_plus_irc,2079.7
wheat,ncl,rfc_plus_irc,9.8
wheat,ner,rfc_plus_irc,4090.9
wheat,nga,rfc_plus_irc,64900
wheat,nld,rfc_plus_irc,147652.6
wheat,nor,rfc_plus_irc,77940.5
wheat,npl,rfc_plus_irc,722460.6
wheat,nzl,rfc_plus_irc,47345.3
wheat,omn,rfc_plus_irc,497.9
wheat,pak,rfc_plus_irc,8754740.2
wheat,per,rfc_plus_irc,147420.6
wheat,pol,rfc_plus_irc,2234860
wheat,prk,rfc_plus_irc,65470
wheat,prt,rfc_plus_irc,70854
wheat,pry,rfc_plus_irc,472923.6
wheat,pse,rfc_plus_irc,16283.5
wheat,qat,rfc_plus_irc,14.4
wheat,rus,rfc_plus_irc,23896778.2
wheat,rwa,rfc_plus_irc,36430.6
wheat,sau,rfc_plus_irc,273651.5
wheat,sdn,rfc_plus_irc,244968.25
wheat,som,rfc_plus_irc,2670.3
wheat,srb,rfc_plus_irc,552333
wheat,svk,rfc_plus_irc,367748.9
wheat,svn,rfc_plus_irc,32506.8
wheat,swe,rfc_plus_irc,377051.5
wheat,swz,rfc_plus_irc,277.2
wheat,syr,rfc_plus_irc,1566676.2
wheat,tcd,rfc_plus_irc,6696.2
wheat,tha,rfc_plus_irc,1088.7
wheat,tjk,rfc_plus_irc,317162.2
wheat,tkm,rfc_plus_irc,750500
wheat,tun,rfc_plus_irc,706920
wheat,tur,rfc_plus_irc,8124633
wheat,tza,rfc_plus_irc,90756.5
wheat,uga,rfc_plus_irc,12000
wheat,ukr,rfc_plus_irc,6298760
wheat,ury,rfc_plus_irc,392481.5
wheat,usa,rfc_plus_irc,19724400.7
wheat,uzb,rfc_plus_irc,1419588.7
wheat,ven,rfc_plus_irc,591.6
wheat,yem,rfc_plus_irc,123937.7
wheat,zaf,rfc_plus_irc,627230
wheat,zmb,rfc_plus_irc,27575.6
wheat,zwe,rfc_plus_irc,24981.2
wheat,twn,rfc_plus_irc,1
